{
  "nn_bem": [
    31.763532638549805,
    31.763545989990234,
    44.399654388427734,
    25.189573287963867,
    25.18958854675293,
    25.17150115966797
  ],
  "runs": [
    {
      "N": 64,
      "method": "auto",
      "R_diag": [
        29.865924835205078,
        29.86577033996582,
        41.504600524902344,
        25.41748809814453,
        25.417490005493164,
        25.41748809814453
      ],
      "errors": [
        5.974171150729297,
        5.974697065064673,
        6.520442339929461,
        0.9047982177989763,
        0.9047446659052796,
        0.9772438159973741
      ],
      "elapsed_s": 311.1256401538849
    },
    {
      "N": 96,
      "method": "auto",
      "R_diag": [
        28.931873321533203,
        28.93171501159668,
        42.627525329589844,
        25.41748809814453,
        25.41748809814453,
        25.41748809814453
      ],
      "errors": [
        8.914812307683809,
        8.915348995625237,
        3.99131273260491,
        0.9047982177989763,
        0.9047370939331164,
        0.9772438159973741
      ],
      "elapsed_s": 553.714848279953
    },
    {
      "N": 128,
      "method": "auto",
      "R_diag": [
        28.601520538330078,
        28.601354598999023,
        42.406761169433594,
        25.41748809814453,
        25.41748809814453,
        25.41748809814453
      ],
      "errors": [
        9.954850224631977,
        9.95541049474679,
        4.488533179919449,
        0.9047982177989763,
        0.9047370939331164,
        0.9772438159973741
      ],
      "elapsed_s": 742.757061958313
    }
  ]
}